Date,Headline,Company
2026-08-28,Airtel Gains More Users Than Jio In July; Vi Is Left Behind,Airtel
2026-08-28,"Tata Motors launches Tata.Cars brand for passenger vehicles, Tata.ev to continue for EVs",Tata Motors
2026-08-28,"Airtel gains 26.8 lakh mobile users in July, Jio's wireless net adds at 24.4 lakh",Airtel
2026-08-31,Trump announces drug pricing deals with India's Sun Pharma and 8 more drug companies,Sun Pharma
2026-09-01,Sun Pharma Agrees to MFN Drug Pricing In US To Delay Tariffs On Innovative Medicines,Sun Pharma
2026-09-01,Electric passenger vehicle registrations rise 50% in August,Tata Motors
2026-09-03,View: From ‘Make in India’ to ‘Design in India’,Tata Motors
2026-09-04,Chinese truckmakers are charging ahead in India’s EV race. Indian rivals want the rules changed,Tata Motors
2026-09-04,"Tata Curvv launched in India: Check on-road price for EV, petrol variants, mileage, and all you need to know",Tata Motors
2026-09-04,From AI pilots to everyday work: What are India’s IT giants doing differently?,Infosys
2026-09-04,HUL plans capex boost; eyes entry into new areas,HUL
2026-09-07,From $63-a-head FMCG spending to a bigger consumption economy: HUL’s ‘Winning in New India’ plan,HUL
2026-09-07,HUL stock outlook: Brokerages see up to 26% upside as FMCG major sharpens ‘New India’ growth strategy,HUL
2026-09-07,"Sensex falls 383 points, Nifty settles at 23,779; IT, metals among top drags",Infosys
2026-09-08,Jio Platforms to begin investor outreach for IPO next week,Reliance
2026-09-09,"Hindustan Unilever unveils New India growth strategy, targets 22-24% EBITDA margin",HUL
2026-09-09,TCS launches fully automated facility in Pune to advance AI-led manufacturing,TCS
2026-09-09,"Indian IT stocks led by Infosys, TCS, lose over ₹1 lakh crore in market cap this week so far",Infosys
2026-09-09,"5,000 crore ONGC order to develop offshore assets, boost production",ONGC
2026-09-09,"L&T wins Rs 2,500-5,000 crore ONGC offshore order for three well-head platforms",L&T
2026-09-09,L&T Secures Major Offshore Order from ONGC to Boost India's Energy Infrastructure,L&T
2026-09-09,India is a blueprint for Unilever's emerging markets: global CEO Fernando Fernandez,HUL
2026-09-09,"Electric cars: More value, but not yet easier to sell",Tata Motors
2026-09-10,HackersEra Enables AIS-189 Type Approval Readiness for the recently launched Sierra.ev,Tata Motors
2026-09-10,"Stocks in news: Reliance Industries, Wipro, ICICI Bank, Coal India and Hindustan Zinc",Reliance
2026-09-11,"Stocks Of OMCs, Airlines Fall Up To 4% As Oil Prices Near $110 Hit",Reliance
2026-09-11,"Buy or sell Granules, HAL, HUL shares? Ajit Mishra of Religare Broking suggests trading strategies for these stocks",HUL
2026-09-11,Reliance Industries to host investors at Jefferies India Forum on Sep 17,Reliance
2026-09-11,"Where there’s a will, there’s a whey: HUL bets Horlicks can catch up in protein race",HUL
2026-09-11,Telecom price hikes to be more gradual as competition intensifies: UBS,Airtel
2026-09-14,Tata Punch becomes more expensive: Here’s by how much,Tata Motors
2026-09-14,"Stocks to Watch Today: HDFC Bank, Lalithaa Jewellery, Horizon Industrial Parks, Solar Industries, Aurobindo Pharma, Raymond, Coforge, Pranav Constructions in focus on 15 September",Sun Pharma
2026-09-14,"Trai Probes Vodafone Idea Over Airtel, Jio Allegations Of Mobile Number Portability Violations",Airtel
2026-09-15,Tata Consultancy Services signs AI transformation deal with Aareal Bank,TCS
2026-09-15,Tata Consultancy Services signs deal with DGCX to upgrade derivatives infrastructure,TCS
2026-09-15,"TCS, Infosys, HCLTech, Tech Mahindra, Wipro shares jump; Nifty IT rises 5% in early trade. Here's why",TCS
2026-09-15,Dr. Reddy’s Laboratories launches Nivorz in India,Dr Reddys
2026-09-15,Dr. Reddy's launches nivolumab biosimilar in India,Dr Reddys
2026-09-15,TCS partners with Dubai Gold & Commodities Exchange to upgrade derivatives market infrastructure,TCS
2026-09-15,TCS shares jumps 5% as DGCX partnership lift stocks,TCS
2026-09-16,"RIL, HUL, Nestle, Tata Consumer, Hyundai shares on the rise today",HUL
2026-09-17,TCS expands semiconductor push: Enters custom chip design services for next-gen auto OEMs,TCS
2026-09-17,"TCS rolls out custom chip design services for automotive, semiconductor sectors",TCS
2026-09-18,India's first dengue vaccine to arrive in 2027: What is Qdenga and how does it work?,Dr Reddys
2026-09-18,Apple Pay may launch in India next month with Axis Bank credit cards: Report,ICICI Bank
2026-09-18,Apple Pay may finally come to India next month; Axis bank tie up reported,Axis Bank
2026-09-18,Apple Pay to come to India soon with Axis Bank? How will it work for iPhone users? Here's what we know,ICICI Bank
2026-09-18,"Sensex, Nifty post sixth weekly loss; TCS, Titan among top laggards, slip up to 4%",Reliance
2026-09-18,Delhi High Court says payments to overseas units aren't automatically taxable in India,Sun Pharma
2026-09-18,Apple Pay To Be Launched in India Next Month With Axis Bank Credit Cards: Report,Axis Bank
2026-09-18,Takeda and Dr. Reddy’s Laboratories enter into exclusive collaboration to promote and distribute QDENGA® in India’s pediatric and adult private market,Dr Reddys
2026-09-18,QDENGA dengue vaccine to hit India market in 2027; Dr Reddy’s to sell it,Dr Reddys
2026-09-19,How big is Apple Pay? US payment giant to enter India as UPI dominates digital payments,Axis Bank
2026-09-21,"RBI weighs Anup Bagchi for HDFC top job; seeks feedback from Irda, ICICI Bank on his candidature due to 3-year gap from mainstream banking",HDFC Bank
2026-09-21,Takeda and Dr. Reddy''s Laboratories Enter Into Exclusive Collaboration to Promote and Distribute QDENGA® in India''s Pediatric and Adult Private Market,Dr Reddys
2026-09-21,ONGC strikes gas in deepwater well off Odisha coast,ONGC
2026-09-21,How reforms in banking shifted from boosting competition to building scale,HDFC Bank
2026-09-21,"Bank Strike Sept 28-30: What consumers should know about UPI, ATM transaction, cash withdrawal from SBI, HDFC Banks",HDFC Bank
2026-09-21,"ONGC strikes gas in deep waters of Mahanadi Basin,  Hardeep Puri says major milestone for India’s offshore energy exploration",ONGC
2026-09-21,"ONGC strikes gas in deep waters of Mahanadi Basin, Hardeep Puri says major milestone for India’s offshore energy exploration",ONGC
2026-09-21,Apple Pay could launch in India next month: 5 things to know,Axis Bank
2026-09-21,RBI Weighs Bagchi for HDFC Top Job,HDFC Bank
2026-09-21,Apple Pay to launch in India next month with Axis Bank credit cards: Report,Axis Bank
2026-09-21,Calcutta HC extends interim order on AITC's three HDFC Bank accounts till January 29,HDFC Bank
2026-09-22,Apple Pay vs GPay and PhonePe: What could change for iPhone users,Axis Bank
2026-09-22,Is Apple Pay ready for tap-to-pay India debut next month? Here is what we know,Axis Bank
2026-09-22,"Google Trend: Bharti to Jio, telecom stocks that dominated search interest this month",Airtel
2026-09-22,"Google Trends: HDFC Bank, Gold among most searched financial market themes in last 1 month",HDFC Bank
2026-09-22,"Top stocks to buy today: Stock market recommendations for September 22, 2026 - check list",Dr Reddys
2026-09-22,"In major milestone for India’s offshore energy exploration, ONGC strikes gas in Mahanadi Basin, 43 km off Odisha coast; proximity could enable faster monetisation if commercially viable",ONGC
2026-09-23,Maruti Suzuki targets 30% women students at Haryana’s Uncha Majra JIM by 2028-29,Maruti
2026-09-23,"MDR to help SBI recoup costs, generate modest profits says senior official",SBI
2026-09-23,"SBI expects surplus from new UPI MDR as issuing, acquiring bank",SBI
2026-09-23,"Deep beneath Odisha’s waters, ONGC finds gas: How Mission Samudra Manthan’s latest discovery could open a new chapter for India’s energy hunt",ONGC
2026-09-23,"NSE may pip Infosys, Titan, Kotak Bank on D St debut; 5% premium could secure top 10 spot",Infosys
2026-09-24,"Reliance to raise Rs 10,000 crore next week as companies rush to tap surplus bank liquidity",Reliance
2026-09-24,"Bank strike will impact financial predictability, business continuity, say trade bodies",SBI
2026-09-24,Axis Bank readies major customer-connect initiative to mark World Tourism Day,Axis Bank
2026-09-24,Maruti Suzuki India commissions green hydrogen plant at Manesar to support low,Maruti
2026-09-24,Maruti Suzuki commissions first 300 kW green hydrogen plant at Manesar,Maruti
2026-09-24,NSE Listing LIVE Updates: Biggest debut of 2026 takes shape in a few hours,Infosys
2026-09-24,ONGC to continue drilling after gas discovery in Mahanadi basin; India to retain 20% ethanol blending: Hardeep Puri,ONGC
2026-09-24,"Bank holidays in October 2026: SBI, HDFC, and other lenders to remain shut for up to 11 days - Check RBI calendar",HDFC Bank
2026-09-24,Maruti Suzuki India commissions 300 kW Green Hydrogen (GH2) electrolyzer plant,Maruti
2026-09-25,Suzuki to cut vehicle development time by half by 2030; India capacity target at 4 million,Maruti
2026-09-25,"Infosys nears July lows, Wipro hits fresh 52-week low",Infosys
2026-09-25,One fourth of cars sold by Tata Motors Passenger Vehicles are now EVs,Tata Motors
2026-09-25,Maruti Suzuki plans 4 million unit production capacity in India by FY30,Maruti
2026-09-25,"Suzuki targets half-time vehicle development; small EVs, REEVs on cards",Maruti
2026-09-25,Tata Motors Takes on Maruti Suzuki’s Dzire With New Aeris Sedan,Maruti
2026-09-25,Training programme of junior beauty practitioner concludes,SBI
2026-09-25,"SBI Waives ATM Charges During Nationwide Bank Strike From Sep 28 To 30, Digital Services To Remain Operational",SBI
2026-09-25,Nationwide bank strike: SBI waives ATM charges for 3 days,SBI
2026-09-25,"SBI offers free online courses on AI, banking, finance, marketing and more: Check details",SBI
2026-09-25,"Bank strike from Sept 28-30: SBI waives ATM charges for 3 days, UPI, NEFT, RTGS to work",SBI
2026-09-25,"State Bank of India offers free online courses on AI, Marketing, Personal Branding, Finance and more",SBI
2026-09-25,Suzuki Targets 4 Million Vehicles of Annual Production in India by FY30,Maruti
2026-09-26,India orders 112 captive coal plants to run at full capacity from October 1 as power demand rises,Reliance
